Id,Month,Day,Year,Site,SpeciesCode,IndividualID,Sex,Detection,Distance,FlightDirection,Behavior,BirdHeight,LocationinPlant,PlantGenus,SunorShade,NumFlowersVisited,Comments
5,5,29,2013,HC,BBLH,,M,V,13.5,NW,F1,,,,,,
6,5,29,2013,HC,BBLH,,M,V,13.5,NW,P,4,Middle,MESQUITE,Sun,,
7,5,29,2013,HC,BBLH,,M,V,13.5,NW,F1,,,,,,
20,5,28,2013,HC,BBLH,1,M,V,3,S,FN,6,Upper,CHILOPSIS,Sun,4,
21,5,28,2013,HC,BBLH,1,M,V,3,S,P,,,,,,
22,5,28,2013,HC,BBLH,1,M,V,3,S,F1,,,,,,
45,5,28,2013,HC,BBLH,1,M,V,12,E,FN,6,Upper,CHILOPSIS,Sun,4,
46,5,28,2013,HC,BBLH,1,M,V,12,E,CD,,,,,,
66,5,28,2013,HC,BBLH,,M,V,10.5,W,FO,,,,,,
80,5,27,2013,HC,BBLH,,M,V,7,N,FN,0.800000012,Top,ANISACANTHUS,Sun,8,
81,5,27,2013,HC,BBLH,,M,V,7,N,F1,,,,,,
103,5,27,2013,HC,BBLH,1,M,V,7,SE,AG,1,,,Sun,,
104,5,27,2013,HC,BBLH,1,M,V,7,SE,F1,,,,,,
105,5,27,2013,HC,BBLH,2,M,V,7,SE,CD,1,,,Sun,,
106,5,27,2013,HC,BBLH,2,M,V,7,SE,F1,,,,,,
150,5,27,2013,HC,BBLH,,M,V,25,W,FO,10,,,,,
151,5,27,2013,HC,BBLH,,M,S,7,,FO,,,,,,
153,5,27,2013,HC,BBLH,,F,V,2,E,F1,,,,,,
154,5,27,2013,HC,BBLH,,F,V,2,E,P,7,,OAK,Shade,,
155,5,27,2013,HC,BBLH,,F,V,3,E,F1,,,,,,
156,5,27,2013,HC,BBLH,,F,V,3,E,HH,,,,Sun,,
160,5,28,2013,HC,BBLH,,F,V,7,W,F1,,,,,,
161,5,28,2013,HC,BBLH,,F,V,7,W,P,,Middle,OAK,Shade,,
162,5,28,2013,HC,BBLH,,F,V,7,W,F1,,,,,,
167,5,28,2013,HC,BBLH,,F,V,,NW,AG,,,MESQUITE,,,
168,5,28,2013,HC,BBLH,,F,V,,NW,F1,,,,,,
173,5,28,2013,HC,BBLH,1,F,V,6,,F1,,,,,,
174,5,28,2013,HC,BBLH,1,F,V,6,,P,10,,SYCAMORE,Shade,,
175,5,28,2013,HC,BBLH,1,F,V,6,,F1,,,,,,
176,5,28,2013,HC,BBLH,2,F,V,25,,FO,,,,,,
177,5,28,2013,HC,BBLH,,F,V,4,W,FN,1.5,Middle,ANISACANTHUS,Shade,,
178,5,28,2013,HC,BBLH,,F,V,4,W,F1,,,,,,
179,5,28,2013,HC,BBLH,,F,V,20,E,V,,,,,,
180,5,28,2013,HC,BBLH,,F,V,20,E,F1,,,,,,
181,5,28,2013,HC,BBLH,,F,V,20,E,P,14,Top,JUNIPER,Shade,,
182,5,28,2013,HC,BBLH,,F,V,6,,V,,,,,,
183,5,28,2013,HC,BBLH,,F,V,6,,P,6,Top,SALIX,Shade,,
184,5,28,2013,HC,BBLH,,U,S,,,V,,,,,,
186,5,28,2013,HC,BBLH,,M,V,2,,SG,3,Middle,JUNIPER,,,
188,5,27,2013,HC,BBLH,,M,V,8,SW,FO,,,,Sun,,
203,5,29,2013,HC,BBLH,1,M,V,41,NE,F1,,,,,,
204,5,29,2013,HC,BBLH,1,M,V,41,NE,P,3,Upper,MESQUITE,Sun,,
205,5,29,2013,HC,BBLH,1,M,V,41,NE,AG,,,,,,
207,5,29,2013,HC,BBLH,,U,V,22,W,FO,,,,,,
208,5,29,2013,HC,BBLH,1,M,V,10,,F1,,,,,,
209,5,29,2013,HC,BBLH,1,M,V,10,,P,,,,,,4 BIRDS AT THE SAME TIME HARD TO SEE BEHAVIORS
210,5,29,2013,HC,BBLH,1,M,V,10,,HH,5,Middle,OAK,Shade,,4 BIRDS AT THE SAME TIME HARD TO SEE BEHAVIORS
211,5,29,2013,HC,BBLH,1,M,V,10,,F1,,,,,,4 BIRDS AT THE SAME TIME HARD TO SEE BEHAVIORS
212,5,29,2013,HC,BBLH,2,M,V,10,,F1,,,,,,4 BIRDS AT THE SAME TIME HARD TO SEE BEHAVIORS
213,5,29,2013,HC,BBLH,2,M,V,10,,P,5,Middle,OAK,Shade,,4 BIRDS AT THE SAME TIME HARD TO SEE BEHAVIORS
214,5,29,2013,HC,BBLH,2,M,V,10,,F1,,,,,,4 BIRDS AT THE SAME TIME HARD TO SEE BEHAVIORS
215,5,29,2013,HC,BBLH,2,M,V,10,,P,,,,,,4 BIRDS AT THE SAME TIME HARD TO SEE BEHAVIORS
216,5,29,2013,HC,BBLH,3,M,V,12.5,E,F1,2,Middle,JUNIPER,Shade,,4 BIRDS AT THE SAME TIME HARD TO SEE BEHAVIORS
217,5,29,2013,HC,BBLH,3,M,V,12.5,E,AG,,,,,,4 BIRDS AT THE SAME TIME HARD TO SEE BEHAVIORS
218,5,29,2013,HC,BBLH,3,M,V,12.5,E,P,,,,,,4 BIRDS AT THE SAME TIME HARD TO SEE BEHAVIORS
219,5,29,2013,HC,BBLH,3,M,V,12.5,E,F1,,,,,,4 BIRDS AT THE SAME TIME HARD TO SEE BEHAVIORS
220,5,29,2013,HC,BBLH,4,M,V,12.5,E,F1,2,Middle,JUNIPER,Shade,,4 BIRDS AT THE SAME TIME HARD TO SEE BEHAVIORS
221,5,29,2013,HC,BBLH,4,M,V,12.5,E,CD,,,,,,4 BIRDS AT THE SAME TIME HARD TO SEE BEHAVIORS
222,5,29,2013,HC,BBLH,4,M,V,12.5,E,P,,,,,,4 BIRDS AT THE SAME TIME HARD TO SEE BEHAVIORS
223,5,29,2013,HC,BBLH,4,M,V,12.5,E,F1,,,,,,4 BIRDS AT THE SAME TIME HARD TO SEE BEHAVIORS
224,5,29,2013,HC,BBLH,,M,WH,20,,,,,,,,
225,5,29,2013,HC,BBLH,,M,V,34,,F1,,,,,,
226,5,29,2013,HC,BBLH,,M,V,34,,P,4,Upper,OAK,,,
227,5,29,2013,HC,BBLH,1,M,V,10,,AG,,,,,,
228,5,29,2013,HC,BBLH,2,M,V,10,,CD,,,,,,
229,5,29,2013,HC,BBLH,,U,S,20,,V,,,,,,
231,5,29,2013,HC,BBLH,1,M,V,19,,AG,,Top,,Sun,,
232,5,29,2013,HC,BBLH,2,M,V,19,,CD,,Top,,Sun,,
233,5,29,2013,HC,BBLH,,U,C,20,,V,,,,,,
234,5,29,2013,HC,BBLH,,M,V,10,S,FO,,,,,,
240,5,29,2013,HC,BBLH,,U,C,15,,FO,,,,,,
244,5,15,2013,HC,BBLH,,M,V,20,W,P,,,,,,
245,5,15,2013,HC,BBLH,,M,V,20,W,F1,,,,,,
246,5,15,2013,HC,BBLH,,M,V,20,W,P,,,,,,
247,5,15,2013,HC,BBLH,,M,V,20,W,F1,,,,,,
251,5,15,2013,HC,BBLH,1,M,V,35,S,P,,,,,,
252,5,15,2013,HC,BBLH,1,M,V,35,S,AG,,,,,,
253,5,15,2013,HC,BBLH,1,M,V,35,S,P,,,,,,
254,5,15,2013,HC,BBLH,1,M,V,35,S,F1,,,,,,
255,5,15,2013,HC,BBLH,2,M,V,10.5,E,P,,,,,,
256,5,15,2013,HC,BBLH,2,M,V,10.5,E,CD,,,,,,
257,5,15,2013,HC,BBLH,2,M,V,10.5,E,F1,,,,,,
258,5,15,2013,HC,BBLH,1,M,V,15,E,F1,,,,,,
259,5,15,2013,HC,BBLH,1,M,V,15,E,P,,,,,,
260,5,15,2013,HC,BBLH,1,M,V,15,E,F1,,,,,,
261,5,15,2013,HC,BBLH,2,M,V,15,E,F1,,,,,,
262,5,15,2013,HC,BBLH,2,M,V,15,E,P,,,,,,
263,5,15,2013,HC,BBLH,2,M,V,15,E,F1,,,,,,
274,5,15,2013,HC,BBLH,3,U,S,,N,FO,,,,,,
282,5,15,2013,HC,BBLH,2,M,V,19,W,P,,,,,,
283,5,15,2013,HC,BBLH,2,M,V,19,W,F1,,,,,,
284,5,15,2013,HC,BBLH,2,M,V,19,W,P,,,,,,
285,5,15,2013,HC,BBLH,2,M,V,19,W,F1,,,,,,
290,5,15,2013,HC,BBLH,2,F,V,11,W,F1,,,,,,
291,5,15,2013,HC,BBLH,2,F,V,11,W,CM,,,,,,
292,5,15,2013,HC,BBLH,2,F,V,11,W,F1,,,,,,
293,5,15,2013,HC,BBLH,2,F,V,11,W,NB,,,,,,
295,5,15,2013,HC,BBLH,,M,V,29,,P,,,,,,
296,5,15,2013,HC,BBLH,,M,V,29,,F1,,,,,,
297,5,15,2013,HC,BBLH,,M,V,29,,P,,,,,,
344,5,15,2013,HC,BBLH,,F,V,12,S,F1,,,,,,
345,5,15,2013,HC,BBLH,,F,V,12,S,P,,,,,,
346,5,15,2013,HC,BBLH,,F,V,12,S,F1,,,,,,
379,5,16,2013,HC,BBLH,,F,V,8,NE,H,,,,,,
380,5,16,2013,HC,BBLH,,F,V,8,NE,F1,,,,,,
381,5,16,2013,HC,BBLH,,F,V,8,NE,P,,,,,,
382,5,16,2013,HC,BBLH,,F,V,8,NE,F1,,,,,,
383,5,16,2013,HC,BBLH,,F,V,8,N,F1,,,,,,
384,5,16,2013,HC,BBLH,,F,V,8,N,P,,,,,,
385,5,16,2013,HC,BBLH,,F,V,8,N,F1,,,,,,
386,5,16,2013,HC,BBLH,,F,V,8,N,P,,,,,,
423,5,28,2013,HC,BBLH,,U,V,14,S,P,8,Upper,OAK,Shade,,
424,5,28,2013,HC,BBLH,,U,V,14,S,V,,,,,,
425,5,28,2013,HC,BBLH,,U,V,14,S,F1,,,,,,
808,6,10,2013,HC,BBLH,,F,V,27,E,F1,,,,,,
809,6,10,2013,HC,BBLH,,F,V,27,E,P,1.5,Top,MESQUITE,Sun,,
810,6,10,2013,HC,BBLH,,F,V,27,E,V,1.5,Top,MESQUITE,Sun,,
811,6,10,2013,HC,BBLH,,F,V,27,E,F1,,,,,,
815,6,10,2013,HC,BBLH,,F,V,8,,CM,1.5,Upper,OAK,Shade,,
816,6,10,2013,HC,BBLH,,F,V,8,,F1,3,,,,,
817,6,10,2013,HC,BBLH,,F,V,8,,CM,1,Middle,DEAD TREE,Sun,,
818,6,10,2013,HC,BBLH,,F,C,13.5,N,F1,1.5,,,,,
819,6,10,2013,HC,BBLH,,F,C,13.5,N,CM,1.799999952,Lower,OAK,Shade,,WAS SEEN PULLING THE FLAGGING ON THE OAK.
820,6,10,2013,HC,BBLH,,F,C,13.5,N,F1,4,,,Sun,,
834,6,11,2013,HC,BBLH,,M,V,10,E,FO,,,,,,
836,6,11,2013,HC,BBLH,1,M,V,5,W,F1,,,,,,
837,6,11,2013,HC,BBLH,1,M,V,5,W,FN,3,Top,CHILOPSIS,Shade,2,
838,6,11,2013,HC,BBLH,1,M,V,5,W,CD,,,,,,
839,6,11,2013,HC,BBLH,2,M,V,5,W,F1,,,,,,
840,6,11,2013,HC,BBLH,2,M,V,5,W,AG,,,,,,
841,6,11,2013,HC,BBLH,2,M,V,5,W,P,3,Top,CHILOPSIS,Shade,,
842,6,11,2013,HC,BBLH,2,M,V,5,W,F1,,,,,,
843,6,11,2013,HC,BBLH,,U,S,10,W,V,,,,,,
844,6,11,2013,HC,BBLH,,U,S,10,W,FO,,,,,,
848,6,11,2013,HC,BBLH,2,M,V,5,W,FO,,,,,,
852,6,11,2013,HC,BBLH,,M,V,10.5,E,F1,,,,,,
853,6,11,2013,HC,BBLH,,M,V,10.5,E,P,7,Middle,SYCAMORE,Shade,,
854,6,11,2013,HC,BBLH,,M,V,10.5,E,F1,,,,,,
855,6,11,2013,HC,BBLH,,M,S,10,W,V,,,,,,
862,6,11,2013,HC,BBLH,,F,V,5,S,N,5,Middle,SYCAMORE,Shade,,
863,6,11,2013,HC,BBLH,,F,V,5,S,F1,,,,,,
867,6,11,2013,HC,BBLH,,M,V,4,S,F1,,,,,,
868,6,11,2013,HC,BBLH,,M,V,4,S,FN,3,Upper,CHILOPSIS,Shade,4,
869,6,11,2013,HC,BBLH,,M,V,4,S,F1,,,,,,
873,6,11,2013,HC,BBLH,,M,V,17.5,W,F1,,,,,,
874,6,11,2013,HC,BBLH,,M,V,17.5,W,FN,2,Lower,CHILOPSIS,Shade,25,
875,6,11,2013,HC,BBLH,,M,V,17.5,W,P,,,,,,
877,6,11,2013,HC,BBLH,,U,V,6,W,F1,,,,,,
878,6,11,2013,HC,BBLH,,U,V,6,W,FN,2,Middle,CHILOPSIS,Sun,2,JUVENILE
879,6,11,2013,HC,BBLH,,M,V,3,N,F1,,,,,,
880,6,11,2013,HC,BBLH,,M,V,3,N,FN,3,Middle,CHILOPSIS,Sun,2,
881,6,11,2013,HC,BBLH,,U,V,5,W,F1,,,,,,JUVENILE
882,6,11,2013,HC,BBLH,,U,V,5,W,FN,4,Upper,CHILOPSIS,Shade,9,JUVENILE. SEEN EATING IN CALLIANDRA ALSO
883,6,11,2013,HC,BBLH,,U,V,5,W,F1,,,,,,JUVENILE
884,6,11,2013,HC,BBLH,1,M,V,25,E,FO,,,,,,
886,6,11,2013,HC,BBLH,,M,V,15,W,F1,,,,,,
887,6,11,2013,HC,BBLH,,M,V,15,W,P,4,Upper,CHILOPSIS,Shade,,
888,6,11,2013,HC,BBLH,,M,V,15,W,F1,,,,,,
889,6,11,2013,HC,BBLH,1,M,V,7,E,P,3,Lower,SYCAMORE,Shade,,
890,6,11,2013,HC,BBLH,1,M,V,7,E,CD,,,,,,BY AN UNKNOWN HUMMINGBIRD
891,6,11,2013,HC,BBLH,1,M,V,7,E,F1,,,,,,
909,6,11,2013,HC,BBLH,,U,S,15,,V,,,,,,
922,6,11,2013,HC,BBLH,1,F,V,10,W,H,2,,,,,HOVERING OVER WATER
923,6,11,2013,HC,BBLH,1,F,V,10,W,AG,,,,,,
924,6,11,2013,HC,BBLH,1,F,V,10,W,P,4,Upper,MESQUITE,Shade,,
925,6,11,2013,HC,BBLH,1,F,V,10,W,AG,,,,,,
926,6,11,2013,HC,BBLH,1,F,V,10,W,P,4,Upper,MESQUITE,Shade,,
927,6,11,2013,HC,BBLH,1,F,V,10,W,HH,2,,,Shade,,OVER WATER
928,6,11,2013,HC,BBLH,1,F,V,10,W,P,6,Upper,SALIX,Shade,,
929,6,11,2013,HC,BBLH,1,F,V,10,W,HH,2,,,,,OVER WATER
930,6,11,2013,HC,BBLH,1,F,V,10,W,P,6,Upper,SALIX,Shade,,
931,6,11,2013,HC,BBLH,1,F,V,10,W,F1,,,,,,
932,6,11,2013,HC,BBLH,,F,V,10,NE,CD,,,,,,
933,6,11,2013,HC,BBLH,,F,V,10,NE,P,4,Upper,MESQUITE,Sun,,
934,6,11,2013,HC,BBLH,,F,V,10,NE,CD,,,,,,
935,6,11,2013,HC,BBLH,,F,V,10,NE,F1,,,,,,
936,6,11,2013,HC,BBLH,,F,V,6,NE,H,,,OAK,,,
937,6,11,2013,HC,BBLH,,F,V,6,NE,P,2,Lower,OAK,Sun,,
938,6,11,2013,HC,BBLH,,F,V,6,NE,F1,,,,,,
939,6,11,2013,HC,BBLH,,F,V,6,NE,P,5,Middle,OAK,Sun,,
940,6,11,2013,HC,BBLH,,F,V,6,NE,F1,,,,,,
941,6,11,2013,HC,BBLH,,F,V,6,NE,P,4,Middle,JUNIPER,Sun,,
942,6,11,2013,HC,BBLH,,F,V,6,NE,F1,,,,,,
943,6,11,2013,HC,BBLH,,F,V,6,NE,P,5,Upper,OAK,Shade,,
944,6,11,2013,HC,BBLH,,F,V,6,NE,F1,,,,,,
946,6,11,2013,HC,BBLH,,M,V,9,NW,P,2.5,Top,SYCAMORE,Shade,,
947,6,11,2013,HC,BBLH,,M,V,9,NW,H,,,,,,
948,6,11,2013,HC,BBLH,,M,V,9,NW,F1,,,,,,
951,6,11,2013,HC,BBLH,1,F,V,10,E,H,5,,,,,
952,6,11,2013,HC,BBLH,1,F,V,10,E,CM,7,Middle,SYCAMORE,Shade,,
953,6,11,2013,HC,BBLH,1,F,V,10,E,H,,,,,,
954,6,11,2013,HC,BBLH,1,F,V,10,E,F1,,,,,,
955,6,11,2013,HC,BBLH,2,U,S,18,,V,,,,,,
956,6,11,2013,HC,BBLH,,F,V,7,S,FN,3,Middle,ANISACANTHUS,Shade,4,
957,6,11,2013,HC,BBLH,,F,V,7,S,P,6,Middle,MESQUITE,Shade,,
958,6,11,2013,HC,BBLH,,F,V,7,S,F1,,,,,,
960,6,11,2013,HC,BBLH,,F,V,7,NE,F1,,,,,,
961,6,11,2013,HC,BBLH,,F,V,7,NE,P,4,Middle,SALIX,Shade,,
962,6,11,2013,HC,BBLH,,F,V,7,NE,CM,4,Middle,SALIX,Shade,,
963,6,11,2013,HC,BBLH,,F,V,7,NE,F1,,,,,,
972,6,11,2013,HC,BBLH,,M,V,9,E,P,8,Top,UNKNOWN,Sun,,IN A DRY TREE
973,6,11,2013,HC,BBLH,,M,V,9,E,F1,,,,,,ANOTHER BIRD CHASED THE HUMMINGBIRD
974,6,11,2013,HC,BBLH,,M,V,9,E,P,10,Top,SYCAMORE,Sun,,
975,6,11,2013,HC,BBLH,,M,V,9,E,F1,,,,,,
980,6,12,2013,HC,BBLH,,U,S,20,,V,,,,,,
983,6,12,2013,HC,BBLH,,M,V,33,S,F1,,,,,,
984,6,12,2013,HC,BBLH,,M,V,33,S,P,7,Top,AGAVE,Sun,,
985,6,12,2013,HC,BBLH,,M,V,33,S,F1,,,,,,
986,6,12,2013,HC,BBLH,,U,S,37,,V,,,,,,
987,6,12,2013,HC,BBLH,1,U,S,35,,V,,,,,,
992,6,12,2013,HC,BBLH,1,M,V,15,NE,P,5,Upper,MESQUITE,Shade,,
993,6,12,2013,HC,BBLH,1,M,V,15,NE,CD,,,,,,
994,6,12,2013,HC,BBLH,1,M,V,15,NE,F1,,,,,,
995,6,12,2013,HC,BBLH,2,M,V,15,NE,AG,,,,,,
996,6,12,2013,HC,BBLH,2,M,V,15,NE,F1,,,,,,
998,6,12,2013,HC,BBLH,,M,V,70,SE,P,5,Top,MESQUITE,Sun,,
999,6,12,2013,HC,BBLH,,M,V,70,SE,F1,,,,,,
1004,6,12,2013,HC,BBLH,,U,S,10,E,FO,,,,,,
1017,6,12,2013,HC,BBLH,,U,S,15,W,V,,,,,,
1018,6,12,2013,HC,BBLH,,F,V,19,W,P,7,Middle,UNKNOWN,Sun,,IN A DRY TREE
1019,6,12,2013,HC,BBLH,,F,V,19,W,HH,,,,,,
1020,6,12,2013,HC,BBLH,,F,V,19,W,CM,7,Middle,UNKNOWN,Sun,,
1021,6,12,2013,HC,BBLH,,F,V,19,W,F1,,,,,,
1029,6,11,2013,HC,BBLH,,U,C,15,,V,,,,,,NO FLOWERS FOR HUMMINGBIRDS IN POINT COUNT
1033,6,11,2013,HC,BBLH,,M,V,17,E,FO,2,,,Sun,,
1075,6,10,2013,HC,BBLH,1,M,V,13.5,E,P,4,Upper,,Sun,,
1076,6,10,2013,HC,BBLH,1,M,V,13.5,E,AG,,,,,,
1077,6,10,2013,HC,BBLH,1,M,V,13.5,E,F1,,,,,,
1078,6,10,2013,HC,BBLH,2,M,V,15,E,F1,,,,,,
1079,6,10,2013,HC,BBLH,2,M,V,15,E,CD,,,,,,
1083,6,11,2013,HC,BBLH,,U,C,15,,FN,3,Upper,CHILOPSIS,Sun,,
1084,6,11,2013,HC,BBLH,,M,V,,,FN,3,Upper,CHILOPSIS,Sun,12,
1085,6,11,2013,HC,BBLH,,M,V,,,P,3,Upper,CHILOPSIS,Sun,,
1086,6,11,2013,HC,BBLH,,M,V,,,FN,3,Upper,CHILOPSIS,Sun,5,
1087,6,11,2013,HC,BBLH,,M,V,,,P,2.5,Upper,CHILOPSIS,Sun,,
1088,6,11,2013,HC,BBLH,,M,V,,,FN,3,Upper,CHILOPSIS,Sun,2,
1089,6,11,2013,HC,BBLH,,M,V,,,P,2.5,Upper,CHILOPSIS,Sun,,
1090,6,11,2013,HC,BBLH,,M,V,,,FN,3,Upper,CHILOPSIS,Sun,5,
1091,6,11,2013,HC,BBLH,,M,V,,,HG,2.5,Upper,CHILOPSIS,Sun,,
1124,6,12,2013,HC,BBLH,,M,V,21.5,N,F1,,,,,,
1134,6,12,2013,HC,BBLH,,M,V,5,N,F1,,,,,,
1135,6,12,2013,HC,BBLH,,M,V,5,N,FN,3,Upper,CHILOPSIS,Sun,24,
1136,6,12,2013,HC,BBLH,,M,V,5,N,F1,,,,,,
1140,6,12,2013,HC,BBLH,2,M,V,25,E,F1,,,,,,
1141,6,12,2013,HC,BBLH,2,M,V,25,E,FN,9,Upper,CHILOPSIS,Sun,8,
1142,6,12,2013,HC,BBLH,2,M,V,25,E,P,,,,,,
1143,6,12,2013,HC,BBLH,2,M,V,25,E,FN,,,CHILOPSIS,,,
1144,6,12,2013,HC,BBLH,2,M,V,25,E,F1,,,,,,
1149,6,12,2013,HC,BBLH,,M,V,6,S,F1,,,,,,
1150,6,12,2013,HC,BBLH,,M,V,6,S,FN,6,Middle,CHILOPSIS,Sun,7,
1151,6,12,2013,HC,BBLH,,M,V,6,S,F1,,,,,,
1160,6,12,2013,HC,BBLH,,U,S,20,,V,,,,,,
1161,6,12,2013,HC,BBLH,,U,C,,,V,,,,,,
1497,6,24,2013,HC,BBLH,,M,V,15,,FN,3,Middle,CHILOPSIS,Sun,7,
1498,6,24,2013,HC,BBLH,,M,V,15,,AG,,,,,,AGAINST UNKNOWN HUMMINGBIRD
1503,6,24,2013,HC,BBLH,,F,V,10,S,FN,3,Middle,CHILOPSIS,,21,
1504,6,24,2013,HC,BBLH,,F,V,10,S,P,1.299999952,Upper,DRY BUSH,Sun,,
1505,6,24,2013,HC,BBLH,,F,V,10,S,F1,,,,,,
1518,6,25,2013,HC,BBLH,1,U,V,20,,H,,,,,,
1519,6,25,2013,HC,BBLH,1,U,V,20,,P,7,Upper,MESQUITE,Shade,,
1527,6,25,2013,HC,BBLH,2,M,V,7,,FN,3,Middle,CHILOPSIS,Shade,37,
1528,6,25,2013,HC,BBLH,,M,V,12,,FN,3,Middle,CHILOPSIS,Shade,24,
1529,6,25,2013,HC,BBLH,,F,V,4,W,F1,,,,,,
1530,6,25,2013,HC,BBLH,,F,V,4,W,P,2,Middle,OAK,Sun,,
1531,6,25,2013,HC,BBLH,,F,V,4,W,F1,,,,,,
1532,6,25,2013,HC,BBLH,,F,V,25,W,P,1,,ANISACANTHUS,Sun,,
1533,6,25,2013,HC,BBLH,,F,V,25,W,FN,0.600000024,,ANISACANTHUS,Sun,9,
1534,6,25,2013,HC,BBLH,,F,V,25,W,P,1,,ANISACANTHUS,Sun,,
1535,6,25,2013,HC,BBLH,,F,V,25,W,FN,0.600000024,,ANISACANTHUS,Sun,2,
1536,6,25,2013,HC,BBLH,,F,V,25,W,P,1,,ANISACANTHUS,Sun,,
1537,6,25,2013,HC,BBLH,,F,V,25,W,F1,,,,,,
1540,6,24,2013,HC,BBLH,,M,V,12,S,F1,,,,,,NO FLOWERS IN POINT COUNT
1541,6,24,2013,HC,BBLH,,M,V,12,S,P,8,Upper,,,,NO FLOWERS IN POINT COUNT
1542,6,24,2013,HC,BBLH,,M,V,12,S,F1,,,,,,NO FLOWERS IN POINT COUNT
1543,6,24,2013,HC,BBLH,,U,V,29.5,E,FO,,,,,,NO FLOWERS IN POINT COUNT
1545,6,24,2013,HC,BBLH,,M,V,6,N,F1,,,,,,NO FLOWERS IN POINT COUNT
1546,6,24,2013,HC,BBLH,,M,V,6,N,P,3,Upper,,,,NO FLOWERS IN POINT COUNT
1547,6,24,2013,HC,BBLH,,M,V,6,N,F1,,,,,,NO FLOWERS IN POINT COUNT
1548,6,24,2013,HC,BBLH,,F,V,12,W,FN,4,Upper,AGAVE,,,
1549,6,24,2013,HC,BBLH,,F,V,12,W,F1,,,,,,
1550,6,24,2013,HC,BBLH,,M,V,5,S,FO,,,,,,
1551,6,24,2013,HC,BBLH,,F,V,6,S,FO,,,,,,
1555,6,25,2013,HC,BBLH,,M,V,12,N,F1,0.5,,,,,JUVENILE
1556,6,25,2013,HC,BBLH,,M,V,12,N,B,0.600000024,,,,,JUVENILE
1557,6,25,2013,HC,BBLH,,M,V,12,N,H,1,,,,,JUVENILE
1558,6,25,2013,HC,BBLH,,M,V,12,N,F1,,,,,,JUVENILE
1559,6,25,2013,HC,BBLH,1,M,V,5,,F1,1,,,,,
1560,6,25,2013,HC,BBLH,1,M,V,5,,B,0.600000024,,,,,
1561,6,25,2013,HC,BBLH,1,M,V,5,,H,1,,,,,
1562,6,25,2013,HC,BBLH,1,M,V,5,,P,1.5,,,,,
1563,6,25,2013,HC,BBLH,1,M,V,5,,F1,,,,,,
1564,6,25,2013,HC,BBLH,1,M,V,5,,B,0.600000024,,,,,
1570,6,25,2013,HC,BBLH,,U,V,15,N,H,0.400000006,,,,,
1571,6,25,2013,HC,BBLH,,U,V,15,N,F1,0.600000024,,,,,
1572,6,25,2013,HC,BBLH,,U,V,15,N,H,,,,,,
1573,6,25,2013,HC,BBLH,,U,V,15,N,F1,,,,,,
1574,6,25,2013,HC,BBLH,,M,V,15,N,F1,,,,,,
1575,6,25,2013,HC,BBLH,,M,V,15,N,H,,,,,,
1576,6,25,2013,HC,BBLH,,M,V,15,N,F1,,,,,,
1577,6,25,2013,HC,BBLH,,U,S,,N,FO,,,,,,
1578,6,25,2013,HC,BBLH,,M,V,5,S,F1,,,,,,
1579,6,25,2013,HC,BBLH,,M,V,5,S,H,1,,,,,
1580,6,25,2013,HC,BBLH,,M,V,5,S,F1,,,,,,
1581,6,25,2013,HC,BBLH,,M,V,5,S,H,1,,,,,
1582,6,25,2013,HC,BBLH,,M,V,5,S,F1,,,,,,
1583,6,25,2013,HC,BBLH,,M,V,10,N,FO,,,,,,
1585,6,25,2013,HC,BBLH,,M,V,8,SW,P,6,Middle,COTTONWOOD,Shade,,
1586,6,25,2013,HC,BBLH,,M,V,8,SW,F1,,,,,,
1587,6,25,2013,HC,BBLH,,U,S,25,,V,,,,,,
1590,6,25,2013,HC,BBLH,1,U,V,5,E,AG,,,,,,
1591,6,25,2013,HC,BBLH,2,U,V,5,E,CD,,,,,,
1601,6,25,2013,HC,BBLH,1,M,V,6,,FN,4,Upper,CHILOPSIS,Sun,40,
1602,6,25,2013,HC,BBLH,2,U,C,23,,FN,6,Upper,CHILOPSIS,Sun,,
1603,6,25,2013,HC,BBLH,3,U,C,23,,FN,6,Upper,CHILOPSIS,Sun,,
1604,6,25,2013,HC,BBLH,1,U,C,7,S,CD,,,,,,
1605,6,25,2013,HC,BBLH,2,U,C,7,S,AG,,,,,,
1610,6,25,2013,HC,BBLH,1,M,V,7,E,CD,,,,,,
1611,6,25,2013,HC,BBLH,2,M,V,7,E,AG,,,,,,
1612,6,25,2013,HC,BBLH,2,M,V,7,E,FN,3,Upper,CHILOPSIS,Sun,12,
1613,6,25,2013,HC,BBLH,2,M,V,7,E,F1,,,,,,
1614,6,25,2013,HC,BBLH,,F,V,15,,P,4,Upper,CHILOPSIS,Sun,,
1615,6,25,2013,HC,BBLH,,F,V,15,,F1,,,,,,
1616,6,25,2013,HC,BBLH,,F,V,15,,P,5.5,Upper,CHILOPSIS,Sun,,
1617,6,25,2013,HC,BBLH,,F,V,15,,FN,5,Upper,CHILOPSIS,Sun,,
1618,6,25,2013,HC,BBLH,1,M,V,8,E,FN,4,Upper,CHILOPSIS,Sun,4,
1619,6,25,2013,HC,BBLH,1,M,V,8,E,CD,,,,,,
1622,6,25,2013,HC,BBLH,1,U,V,7,,FN,,Upper,CHILOPSIS,,,
1624,6,25,2013,HC,BBLH,3,F,V,7,S,FN,3.799999952,Upper,CHILOPSIS,Sun,10,
1625,6,25,2013,HC,BBLH,3,F,V,7,S,CD,,,,,,
1626,6,25,2013,HC,BBLH,,U,V,7,S,AG,,,,,,
1668,6,25,2013,HC,BBLH,,U,C,30.5,E,FO,,,,,,
1670,6,25,2013,HC,BBLH,,F,V,,,P,2,Middle,CHILOPSIS,Sun,,
1671,6,25,2013,HC,BBLH,,F,V,,,FN,5,Middle,CHILOPSIS,Sun,3,
1672,6,25,2013,HC,BBLH,,F,V,,,F1,,,,,,
1673,6,25,2013,HC,BBLH,,F,V,,,P,7,Upper,SYCAMORE,,,
1675,6,25,2013,HC,BBLH,,M,V,10,SW,F1,,,,,,
1676,6,25,2013,HC,BBLH,,M,V,10,SW,P,0.699999988,Lower,COTTONWOOD,Shade,,
1677,6,25,2013,HC,BBLH,,M,V,10,SW,F1,,,,,,
1678,6,25,2013,HC,BBLH,1,U,C,23.5,N,CD,4,Top,CHILOPSIS,Sun,,
1679,6,25,2013,HC,BBLH,2,U,C,23.5,N,AG,4,Top,CHILOPSIS,Sun,,
1684,6,25,2013,HC,BBLH,,M,V,3,S,FO,4,,,Sun,,
1688,6,26,2013,HC,BBLH,,M,S,2,E,FO,3,,,Sun,,
1689,6,26,2013,HC,BBLH,,M,V,7,W,FO,2,,,Sun,,
1693,6,26,2013,HC,BBLH,2,M,V,10,SE,FO,,,,Sun,,FEEDERS
1694,6,26,2013,HC,BBLH,1,M,V,2,SE,FO,6,,,Sun,,
1695,6,26,2013,HC,BBLH,2,M,V,2,E,FO,6,,,Sun,,FEEDERS
1696,6,26,2013,HC,BBLH,,M,V,,W,FO,,,,Shade,,FEEDERS
1697,6,26,2013,HC,BBLH,1,F,V,,,FO,,,,Shade,,FEEDERS
1698,6,26,2013,HC,BBLH,2,U,S,13,,V,,,,,,FEEDERS
1699,6,26,2013,HC,BBLH,3,U,V,7,E,FO,,,,Sun,,FEEDERS
1709,6,26,2013,HC,BBLH,,M,V,,E,FO,,,,,,
2137,6,26,2013,HC,BBLH,,M,V,13.5,W,FN,5,Upper,ANISACANTHUS,,30,
2138,6,26,2013,HC,BBLH,,M,V,13.5,W,P,,,,,,
2139,6,26,2013,HC,BBLH,,M,V,13.5,W,FN,,Middle,ANISACANTHUS,,,
2140,6,26,2013,HC,BBLH,,U,S,20,,V,,,,,,
2141,6,26,2013,HC,BBLH,,M,V,11.5,,F1,,,,,,
2142,6,26,2013,HC,BBLH,,M,V,11.5,,P,13.5,Middle,,,,
2143,6,26,2013,HC,BBLH,,M,V,11.5,,F1,,,,,,
2144,6,26,2013,HC,BBLH,,F,V,1,,FO,,,,,,
2145,6,26,2013,HC,BBLH,,F,V,21,N,FN,25,Top,UNKNOWN,,10,
2146,6,26,2013,HC,BBLH,,F,V,21,N,P,,,,,,
2147,6,26,2013,HC,BBLH,,F,V,21,N,FN,25,Top,UNKNOWN,,,
2148,6,26,2013,HC,BBLH,,F,V,16.5,N,FN,20,Upper,UNKNOWN,,5,A TREE WITH FLOWERS THAT ARE NOT ACCESSIBLE FOR STANDING CROP.
2149,6,26,2013,HC,BBLH,,M,V,8,,P,4,Lower,,,,
2150,6,26,2013,HC,BBLH,,M,V,8,,F1,,,,,,
2161,7,9,2013,HC,BBLH,,M,,,W,FO,10,,,,,
2162,7,9,2013,HC,BBLH,,M,V,11,SE,F1,,,,,,POINT COUNT NEAR FEEDERS.
2163,7,9,2013,HC,BBLH,,M,V,11,SE,P,5,Middle,SYCAMORE,Shade,,POINT COUNT NEAR FEEDERS.
2164,7,9,2013,HC,BBLH,,M,V,11,SE,F1,,,,,,POINT COUNT NEAR FEEDERS.
2180,7,9,2013,HC,BBLH,,M,V,,,F1,,,,,,JUVENILE MALE.
2181,7,9,2013,HC,BBLH,,M,V,,,P,1.5,Lower,SYCAMORE,,,JUVENILE MALE.
2182,7,9,2013,HC,BBLH,,M,V,,,HG,2,Lower,OAK,,,JUVENILE MALE.
2183,7,9,2013,HC,BBLH,,M,V,,,F1,,,,,,JUVENILE MALE.
2189,7,9,2013,HC,BBLH,,F,V,7,NW,H,,,,,,
2190,7,9,2013,HC,BBLH,,F,V,7,NW,P,3,Lower,SYCAMORE,Shade,,
2191,7,9,2013,HC,BBLH,,F,V,7,NW,SH,,,,,,
2192,7,9,2013,HC,BBLH,,F,V,7,NW,P,4,Lower,SYCAMORE,Shade,,
2193,7,9,2013,HC,BBLH,,F,V,7,NW,H,,,,,,
2194,7,9,2013,HC,BBLH,,F,V,7,NW,P,1.5,Lower,MESQUITE,Shade,,
2195,7,9,2013,HC,BBLH,,F,V,7,NW,CM,1,Lower,SYCAMORE,Shade,,
2196,7,9,2013,HC,BBLH,,F,V,7,NW,H,,,,,,
2197,7,9,2013,HC,BBLH,,F,V,7,NW,NB,4,Lower,SYCAMORE,Sun,,NEST IS GA1310.
2198,7,9,2013,HC,BBLH,,F,V,7,NW,F1,,,,,,
2199,7,9,2013,HC,BBLH,,M,V,10,N,F1,,,,,,
2200,7,9,2013,HC,BBLH,,M,V,10,N,P,6,Upper,UNKNOWN,Sun,,IN A DRY TREE.
2201,7,9,2013,HC,BBLH,,M,V,10,N,F1,,,,,,
2207,7,9,2013,HC,BBLH,,U,S,12,,H,,,,,,
2208,7,9,2013,HC,BBLH,,U,S,12,,V,,,,,,
2210,7,10,2013,HC,BBLH,,U,V,15,W,F1,,,,,,JUVENILE.
2211,7,10,2013,HC,BBLH,,U,V,15,W,P,3.5,Upper,MESQUITE,Shade,,JUVENILE.
2212,7,10,2013,HC,BBLH,,U,V,15,W,F1,,,,,,JUVENILE.
2213,7,10,2013,HC,BBLH,,U,C,34.5,N,FO,,,,,,
2214,7,10,2013,HC,BBLH,1,U,C,24,NW,AG,4,Upper,AGAVE,Sun,,AGAVE INACCESSIBLE FOR STANDING CROP.
2215,7,10,2013,HC,BBLH,2,U,C,24,NW,CD,4,Upper,AGAVE,Sun,,
2220,7,10,2013,HC,BBLH,4,F,V,24,NW,FN,4,Upper,AGAVE,Sun,8,
2221,7,10,2013,HC,BBLH,4,F,V,24,NW,AG,4,Upper,AGAVE,Sun,,
2222,7,10,2013,HC,BBLH,4,F,V,24,NW,P,3,Middle,AGAVE,Sun,,
2223,7,10,2013,HC,BBLH,4,F,V,24,NW,AG,3,Middle,AGAVE,Sun,,
2224,7,10,2013,HC,BBLH,4,F,V,24,NW,FN,4,Upper,AGAVE,Sun,5,
2225,7,10,2013,HC,BBLH,4,F,V,24,NW,AG,4,Upper,AGAVE,Sun,,
2226,7,10,2013,HC,BBLH,5,M,V,24,NW,CD,4,Upper,AGAVE,Sun,,
2227,7,10,2013,HC,BBLH,5,M,V,24,NW,P,4,Top,OCOTILLO,Sun,,
2228,7,10,2013,HC,BBLH,5,M,V,24,NW,F1,,,,,,
2229,7,10,2013,HC,BBLH,1,F,V,24,S,F1,,,,,,
2230,7,10,2013,HC,BBLH,1,F,V,24,S,FN,3,Middle,AGAVE,Sun,1,
2231,7,10,2013,HC,BBLH,1,F,V,24,S,CD,3,Middle,AGAVE,Sun,,
2232,7,10,2013,HC,BBLH,1,F,V,24,S,F1,,,,,,
2235,7,10,2013,HC,BBLH,1,F,V,24,S,P,2,Lower,AGAVE,Sun,,
2236,7,10,2013,HC,BBLH,1,F,V,24,S,FN,2,Lower,AGAVE,Sun,1,
2237,7,10,2013,HC,BBLH,1,F,V,24,S,CD,2,Lower,AGAVE,Sun,,
2238,7,10,2013,HC,BBLH,2,M,V,24,S,AG,2,Lower,AGAVE,Sun,,
2239,7,10,2013,HC,BBLH,2,M,V,24,S,F1,,,,,,
2240,7,10,2013,HC,BBLH,2,M,V,24,S,P,3,Middle,MESQUITE,Shade,,
2241,7,10,2013,HC,BBLH,2,M,V,24,S,F1,,,,,,
2242,7,10,2013,HC,BBLH,1,M,V,24,,FN,3,Middle,AGAVE,Sun,2,JUVENILE MALE.
2243,7,10,2013,HC,BBLH,1,M,V,24,,CD,3,Middle,AGAVE,Sun,,JUVENILE MALE.
2244,7,10,2013,HC,BBLH,1,M,V,24,,F1,,,,,,JUVENILE MALE.
2245,7,10,2013,HC,BBLH,1,M,V,24,,P,2.5,Middle,MESQUITE,Shade,,JUVENILE MALE.
2246,7,10,2013,HC,BBLH,1,M,V,24,,F1,,,,,,JUVENILE MALE.
2247,7,10,2013,HC,BBLH,2,M,V,26,,AG,,,,,,
2248,7,10,2013,HC,BBLH,2,M,V,26,,P,2,Middle,MESQUITE,Shade,,
2249,7,10,2013,HC,BBLH,,M,C,18.5,N,FO,,,,,,
2250,7,10,2013,HC,BBLH,,U,C,18,SW,FO,3,,,Sun,,
2252,7,10,2013,HC,BBLH,1,M,V,10,,P,3,Middle,MESQUITE,Shade,,
2253,7,10,2013,HC,BBLH,1,M,V,10,,F1,,,,,,
2254,7,10,2013,HC,BBLH,1,M,V,10,,P,3,Middle,MESQUITE,Shade,,
2255,7,10,2013,HC,BBLH,1,M,V,10,,F1,,,,,,
2256,7,10,2013,HC,BBLH,1,M,V,10,,P,5,Middle,OCOTILLO,Sun,,
2257,7,10,2013,HC,BBLH,1,M,V,10,,F1,,,,,,
2258,7,10,2013,HC,BBLH,1,M,V,10,,P,3,Middle,MESQUITE,Shade,,
2259,7,10,2013,HC,BBLH,1,M,V,10,,CD,3,Middle,MESQUITE,Shade,,
2260,7,10,2013,HC,BBLH,1,M,V,10,,P,3,Middle,MESQUITE,,,
2261,7,10,2013,HC,BBLH,2,F,V,15,,AG,3,Middle,MESQUITE,,,
2262,7,10,2013,HC,BBLH,2,F,V,15,,P,4,Middle,MESQUITE,,,
2263,7,10,2013,HC,BBLH,2,F,V,15,,FN,4,Middle,AGAVE,Sun,7,
2264,7,10,2013,HC,BBLH,2,F,V,15,,P,4,Middle,AGAVE,Sun,,
2265,7,10,2013,HC,BBLH,2,F,V,15,,FN,4,Middle,AGAVE,Sun,,
2266,7,10,2013,HC,BBLH,2,F,V,15,,F1,,,,,,
2278,7,10,2013,HC,BBLH,,M,C,17,W,P,1.5,Lower,MESQUITE,Shade,,
2279,7,10,2013,HC,BBLH,,M,C,17,W,F1,,,,,,
2280,7,10,2013,HC,BBLH,,M,C,17,W,P,3.5,Middle,MESQUITE,Shade,,
2281,7,10,2013,HC,BBLH,,M,C,17,W,F1,,,,,,
2282,7,10,2013,HC,BBLH,,M,V,6,S,F1,,,,,,
2283,7,10,2013,HC,BBLH,,M,V,6,S,FN,4,Middle,AGAVE,Sun,7,
2284,7,10,2013,HC,BBLH,,M,V,6,S,F1,,,,,,
2313,7,10,2013,HC,BBLH,,U,V,15,E,P,2.5,Middle,JUNIPER,Sun,,JUVENILE.
2314,7,10,2013,HC,BBLH,,U,V,15,E,F1,,,,,,JUVENILE.
2315,7,10,2013,HC,BBLH,,U,V,15,E,H,,,,,,JUVENILE.
2316,7,10,2013,HC,BBLH,,U,V,15,E,P,2,Upper,MESQUITE,Sun,,JUVENILE.
2317,7,10,2013,HC,BBLH,,U,V,15,E,F1,,,,,,JUVENILE.
2320,7,9,2013,HC,BBLH,,M,C,10,W,F1,,,,,,
2321,7,9,2013,HC,BBLH,,M,C,10,W,HG,2,Middle,OAK,Sun,,
2322,7,9,2013,HC,BBLH,,M,C,10,W,F1,,,,,,
2323,7,9,2013,HC,BBLH,,M,C,10,W,P,1.700000048,Middle,JUNIPER,Sun,,
2324,7,9,2013,HC,BBLH,,M,C,10,W,HG,1.700000048,Middle,JUNIPER,Sun,,
2325,7,9,2013,HC,BBLH,,M,C,10,W,F1,,,,,,
2326,7,9,2013,HC,BBLH,,M,C,10,W,HG,3,Upper,JUNIPER,Shade,,
2327,7,9,2013,HC,BBLH,,M,C,10,W,F1,,,,,,
2342,7,9,2013,HC,BBLH,,F,V,5,N,F1,,,,,,
2343,7,9,2013,HC,BBLH,,F,V,5,N,H,2,Middle,AGAVE,Sun,,
2344,7,9,2013,HC,BBLH,,F,V,5,N,P,0.699999988,Lower,MESQUITE,Shade,,
2345,7,9,2013,HC,BBLH,,F,V,5,N,F1,,,,,,
2355,7,9,2013,HC,BBLH,,U,S,25,,FO,,,,,,
2366,7,9,2013,HC,BBLH,4,M,V,13.5,W,H,,,,,,JUVENILE.
2367,7,9,2013,HC,BBLH,4,M,V,13.5,W,F1,,,,,,JUVENILE.
2368,7,9,2013,HC,BBLH,4,M,V,13.5,W,P,5,Upper,OAK,Shade,,JUVENILE.
2369,7,9,2013,HC,BBLH,4,M,V,13.5,W,F1,,,,,,JUVENILE.
2370,7,9,2013,HC,BBLH,4,M,V,13.5,W,P,2.299999952,Middle,JUNIPER,Shade,,JUVENILE.
2371,7,9,2013,HC,BBLH,4,M,V,13.5,W,F1,,,,,,JUVENILE.
2375,7,9,2013,HC,BBLH,,U,S,15,,V,,,,,,
2376,7,9,2013,HC,BBLH,,U,S,15,SW,FO,,,,,,
2378,7,9,2013,HC,BBLH,,U,S,20.5,SW,FO,,,,,,
2379,7,9,2013,HC,BBLH,,U,S,10,N,FO,,,,,,
2381,7,9,2013,HC,BBLH,,U,S,20,,FO,,,,,,
2382,7,9,2013,HC,BBLH,1,M,V,12,W,P,5,Top,MESQUITE,Sun,,
2383,7,9,2013,HC,BBLH,1,M,V,12,W,F1,,,,,,
2384,7,9,2013,HC,BBLH,1,M,V,12,W,P,4.5,Top,MESQUITE,Sun,,
2385,7,9,2013,HC,BBLH,1,M,V,12,W,F1,,,,,,
2386,7,9,2013,HC,BBLH,2,M,V,6,N,H,3.5,,,,,
2387,7,9,2013,HC,BBLH,2,M,V,6,N,F1,,,,,,
2396,7,10,2013,HC,BBLH,2,F,V,30,N,FN,1,Upper,PENSTEMON BARBATUS,Shade,5,
2397,7,10,2013,HC,BBLH,2,F,V,30,N,CD,,,,,,
2398,7,10,2013,HC,BBLH,2,F,V,30,N,F1,,,,,,
2406,7,10,2013,HC,BBLH,,U,S,15,,V,,,,,,
2409,7,10,2013,HC,BBLH,2,F,V,1,NE,P,,,,,,
2410,7,10,2013,HC,BBLH,2,F,V,1,NE,CD,,,,,,
2411,7,10,2013,HC,BBLH,2,F,V,1,NE,F1,,,,,,
2414,7,10,2013,HC,BBLH,1,U,S,15,W,FO,,,,,,
2420,7,10,2013,HC,BBLH,,U,S,20,E,FO,,,,,,
448,6,4,2013,PL/SC,BBLH,,M,V,20,N,FO,4,,,Sun,,OCOTILLO IN POINT
449,6,4,2013,PL/SC,BBLH,,U,V,15,N,FO,,,,,,
451,6,4,2013,PL/SC,BBLH,,M,V,26,N,FO,,,,,,
453,6,4,2013,PL/SC,BBLH,,M,V,24.5,S,FO,4,,,,,
455,6,4,2013,PL/SC,BBLH,,U,S,30,,V,,,,,,
456,6,4,2013,PL/SC,BBLH,,M,V,9,E,P,6,Lower,COTTONWOOD,Shade,,JUVENILE
457,6,4,2013,PL/SC,BBLH,,M,V,9,E,F1,,,,,,
458,6,4,2013,PL/SC,BBLH,,M,V,9,E,P,,,,,,
459,6,4,2013,PL/SC,BBLH,,M,V,9,E,F1,,,,,,
463,6,4,2013,PL/SC,BBLH,,U,S,20,,V,,,,,,
467,6,4,2013,PL/SC,BBLH,,U,S,15,,V,,,,,,
468,6,4,2013,PL/SC,BBLH,,U,S,20,,V,,,,,,
469,6,4,2013,PL/SC,BBLH,1,M,V,14.5,N,AG,,,,,,
470,6,4,2013,PL/SC,BBLH,1,M,V,14.5,N,P,6,Top,SALIX,Sun,,
471,6,4,2013,PL/SC,BBLH,1,M,V,14.5,N,F1,,,,,,
472,6,4,2013,PL/SC,BBLH,1,M,V,14.5,N,P,,,,,,
473,6,4,2013,PL/SC,BBLH,2,M,V,14.5,N,CD,,,,,,
474,6,4,2013,PL/SC,BBLH,2,M,V,14.5,N,FO,,,,,,
484,6,5,2013,PL/SC,BBLH,,F,V,10,S,F1,,,,,,
485,6,5,2013,PL/SC,BBLH,,F,V,10,S,FN,1.5,Middle,,,,
492,6,5,2013,PL/SC,BBLH,,M,V,34,N,F1,,,,,,
493,6,5,2013,PL/SC,BBLH,,M,V,34,N,P,3,Top,OCOTILLO,Sun,,
494,6,5,2013,PL/SC,BBLH,,M,V,34,N,F1,,,,,,
495,6,5,2013,PL/SC,BBLH,,U,C,20,N,FO,2,,,,,OCOTILLO IN POINT COUNT WITH FEW FLOWERS
502,6,5,2013,PL/SC,BBLH,1,M,V,40,,AG,,,,,,THE 3 BBLH WERE TOGETHER. TWO WERE FIGHTING AND PERCHED ON THE SAME TREE. AFTER AWHILE THE 2 STARTED CHASING AGAIN
503,6,5,2013,PL/SC,BBLH,1,M,V,40,,P,1.5,Middle,MESQUITE,,,THE 3 BBLH WERE TOGETHER. TWO WERE FIGHTING AND PERCHED ON THE SAME TREE. AFTER AWHILE THE 2 STARTED CHASING AGAIN
504,6,5,2013,PL/SC,BBLH,1,M,V,40,,AG,,,,,,THE 3 BBLH WERE TOGETHER. TWO WERE FIGHTING AND PERCHED ON THE SAME TREE. AFTER AWHILE THE 2 STARTED CHASING AGAIN
505,6,5,2013,PL/SC,BBLH,2,M,V,40,,CD,,,,,,THE 3 BBLH WERE TOGETHER. TWO WERE FIGHTING AND PERCHED ON THE SAME TREE. AFTER AWHILE THE 2 STARTED CHASING AGAIN
506,6,5,2013,PL/SC,BBLH,2,M,V,40,,P,1,Middle,MESQUITE,,,THE 3 BBLH WERE TOGETHER. TWO WERE FIGHTING AND PERCHED ON THE SAME TREE. AFTER AWHILE THE 2 STARTED CHASING AGAIN
507,6,5,2013,PL/SC,BBLH,2,M,V,40,,CD,,,,,,THE 3 BBLH WERE TOGETHER. TWO WERE FIGHTING AND PERCHED ON THE SAME TREE. AFTER AWHILE THE 2 STARTED CHASING AGAIN
508,6,5,2013,PL/SC,BBLH,3,M,V,40,,F1,,,,,,THE 3 BBLH WERE TOGETHER. TWO WERE FIGHTING AND PERCHED ON THE SAME TREE. AFTER AWHILE THE 2 STARTED CHASING AGAIN
509,6,5,2013,PL/SC,BBLH,3,M,V,40,,P,2,Upper,MESQUITE,,,THE 3 BBLH WERE TOGETHER. TWO WERE FIGHTING AND PERCHED ON THE SAME TREE. AFTER AWHILE THE 2 STARTED CHASING AGAIN
512,6,4,2013,PL/SC,BBLH,,F,V,1.5,S,FO,2,,,,,
528,6,5,2013,PL/SC,BBLH,,M,V,0.800000012,NE,P,4,Middle,SALIX,Shade,,
529,6,5,2013,PL/SC,BBLH,,M,V,0.800000012,NE,F1,,,,,,
530,6,5,2013,PL/SC,BBLH,,F,V,5,S,H,2,,,Shade,,
531,6,5,2013,PL/SC,BBLH,,F,V,5,S,P,2,Middle,SALIX,Shade,,
532,6,5,2013,PL/SC,BBLH,,F,V,5,S,F1,,,,,,
533,6,5,2013,PL/SC,BBLH,,F,V,4,E,H,,,,Shade,,
534,6,5,2013,PL/SC,BBLH,,F,V,4,E,FN,1.700000048,Top,WHITE NICOTIANA,Shade,5,
535,6,5,2013,PL/SC,BBLH,,F,V,4,E,F1,,,,,,
536,6,5,2013,PL/SC,BBLH,,F,V,4,E,P,4,Middle,SALIX,Shade,,
537,6,5,2013,PL/SC,BBLH,,F,V,5,NE,FN,1.100000024,Top,WHITE NICOTIANA,Shade,6,
538,6,5,2013,PL/SC,BBLH,,F,V,5,NE,P,3,Middle,SALIX,Shade,,
539,6,5,2013,PL/SC,BBLH,,F,V,5,NE,FN,0.600000024,Top,WHITE NICOTIANA,Shade,5,
540,6,5,2013,PL/SC,BBLH,,F,V,5,NE,F1,,,,,,
541,6,5,2013,PL/SC,BBLH,,F,V,4,E,P,2.299999952,Middle,SALIX,Shade,,
560,5,22,2013,PL/SC,BBLH,,F,V,15.5,SW,F1,,,,,,
561,5,22,2013,PL/SC,BBLH,,F,V,15.5,SW,P,,,,,,
562,5,22,2013,PL/SC,BBLH,,F,V,15.5,SW,V,,,,,,
567,5,22,2013,PL/SC,BBLH,,M,V,17,,HH,,,,,,
568,5,22,2013,PL/SC,BBLH,,M,V,17,,P,,,,,,
569,5,22,2013,PL/SC,BBLH,,M,V,17,,HH,,,,,,
602,5,22,2013,PL/SC,BBLH,,U,,,W,FO,,,,,,
603,5,22,2013,PL/SC,BBLH,,F,V,,N,F1,,,,,,
604,5,22,2013,PL/SC,BBLH,,F,V,,N,P,,,,,,
605,5,22,2013,PL/SC,BBLH,,F,V,,N,F1,,,,,,
606,5,22,2013,PL/SC,BBLH,,U,S,,,V,,,,,,
607,5,22,2013,PL/SC,BBLH,,M,S,,N,FO,,,,,,
608,5,22,2013,PL/SC,BBLH,1,F,V,,E,AG,,,,,,
609,5,22,2013,PL/SC,BBLH,1,F,V,,E,F1,,,,,,
610,5,22,2013,PL/SC,BBLH,2,M,V,,E,AG,,,,,,
611,5,22,2013,PL/SC,BBLH,2,M,V,,E,F1,,,,,,
612,5,22,2013,PL/SC,BBLH,3,M,V,,E,AG,,,,,,
613,5,22,2013,PL/SC,BBLH,3,M,V,,E,F1,,,,,,
1109,6,5,2013,PL/SC,BBLH,,M,V,3,SW,FO,3,,,Shade,,
1110,6,5,2013,PL/SC,BBLH,,F,V,8,E,F1,10,,,Shade,,
1111,6,5,2013,PL/SC,BBLH,,F,V,8,E,H,10,,,Shade,,
1112,6,5,2013,PL/SC,BBLH,,F,V,8,E,F1,10,,,Shade,,
1116,6,5,2013,PL/SC,BBLH,,M,V,4,SE,FO,4,,,Sun,,
1117,6,5,2013,PL/SC,BBLH,1,M,V,6,W,AG,4,,,Sun,,
1118,6,5,2013,PL/SC,BBLH,2,M,V,6,W,CD,4,,,Sun,,
1119,6,5,2013,PL/SC,BBLH,,M,V,3,W,FN,1.5,Middle,ANISACANTHUS,Sun,3,
1120,6,5,2013,PL/SC,BBLH,,F,C,,,V,,,,Sun,,
1121,6,5,2013,PL/SC,BBLH,,F,C,,,P,,Middle,CELTIS,Shade,,
1122,6,5,2013,PL/SC,BBLH,,F,C,,,F1,5,,SALIX,Shade,,
1123,6,5,2013,PL/SC,BBLH,,M,V,15,,P,12,Middle,CELTIS,Shade,,
1168,6,19,2013,PL/SC,BBLH,,M,V,17,E,F1,,,,,,OCOTILLO IN POINT COUNT
1169,6,19,2013,PL/SC,BBLH,,M,V,17,E,FN,1.299999952,Upper,OCOTILLO,Shade,3,OCOTILLO IN POINT COUNT
1170,6,19,2013,PL/SC,BBLH,,M,V,17,E,F1,,,,,,OCOTILLO IN POINT COUNT
1171,6,19,2013,PL/SC,BBLH,,M,V,24,SE,FO,,,,Sun,,
1172,6,19,2013,PL/SC,BBLH,,M,V,41,,SH,1.5,Middle,OCOTILLO,Sun,,
1190,6,18,2013,PL/SC,BBLH,,F,V,19,SW,HH,6,,,Sun,,OVER WATER
1191,6,18,2013,PL/SC,BBLH,,F,V,19,SW,P,6,Upper,SALIX,Sun,,
1192,6,18,2013,PL/SC,BBLH,,F,V,19,SW,HH,6,,,Sun,,OVER WATER
1193,6,18,2013,PL/SC,BBLH,,F,V,19,SW,P,6,Upper,SALIX,Sun,,
1194,6,18,2013,PL/SC,BBLH,,F,V,19,SW,HH,6,,,Sun,,OVER WATER
1195,6,18,2013,PL/SC,BBLH,,F,V,19,SW,P,6,Upper,SALIX,Sun,,
1196,6,18,2013,PL/SC,BBLH,,F,V,19,SW,F1,,,,,,
1206,6,19,2013,PL/SC,BBLH,,F,V,15,S,F1,,,,,,
1207,6,19,2013,PL/SC,BBLH,,F,V,15,S,H,,,,Sun,,
1208,6,19,2013,PL/SC,BBLH,,F,V,15,S,P,3,Middle,MESQUITE,Sun,,
1209,6,19,2013,PL/SC,BBLH,,F,V,15,S,F1,,,,,,
1210,6,19,2013,PL/SC,BBLH,,F,V,15,S,P,3,Middle,MESQUITE,Sun,,
1211,6,19,2013,PL/SC,BBLH,,F,V,15,S,F1,,,,,,
1212,6,19,2013,PL/SC,BBLH,,F,V,6,SW,FO,,,,,,
1213,6,18,2013,PL/SC,BBLH,,M,V,30,E,F1,,,,,,
1214,6,18,2013,PL/SC,BBLH,,M,V,30,E,P,5,Top,OCOTILLO,Sun,,
1215,6,18,2013,PL/SC,BBLH,,M,V,30,E,F1,,,,,,
1223,6,19,2013,PL/SC,BBLH,,M,C,18,E,D,,,,,,
1224,6,19,2013,PL/SC,BBLH,1,U,C,30,NE,AG,5,,,Sun,,
1225,6,19,2013,PL/SC,BBLH,2,U,C,30,NE,CD,,,,,,
1227,6,19,2013,PL/SC,BBLH,,M,V,8,,P,6,Upper,CELTIS,Sun,,JUVENILE
1228,6,19,2013,PL/SC,BBLH,,M,V,8,,F1,6.199999809,Upper,CELTIS,Sun,,JUVENILE
1229,6,19,2013,PL/SC,BBLH,,M,V,8,,P,6.199999809,Upper,CELTIS,Sun,,JUVENILE
1230,6,19,2013,PL/SC,BBLH,,M,V,8,,F1,6,Upper,CELTIS,Sun,,JUVENILE
1231,6,19,2013,PL/SC,BBLH,,M,V,8,,P,6,Upper,CELTIS,Sun,,JUVENILE
1232,6,19,2013,PL/SC,BBLH,,M,V,8,,F1,6,Upper,CELTIS,Sun,,JUVENILE
1233,6,19,2013,PL/SC,BBLH,,F,V,3,W,F1,6,Upper,CELTIS,Sun,,MOTHER
1234,6,19,2013,PL/SC,BBLH,,F,V,3,W,H,6,Upper,CELTIS,Sun,,MOTHER
1235,6,19,2013,PL/SC,BBLH,,F,V,3,W,F1,6,Upper,CELTIS,Sun,,MOTHER
1236,6,19,2013,PL/SC,BBLH,,F,V,3,E,HH,5,Upper,CELTIS,Sun,,
1237,6,19,2013,PL/SC,BBLH,,F,V,3,E,P,5,Upper,CELTIS,Sun,,
1238,6,19,2013,PL/SC,BBLH,,F,V,3,E,MF,5,Upper,CELTIS,Sun,,FEEDING
1239,6,19,2013,PL/SC,BBLH,,U,S,,W,V,,,,,,
1241,6,19,2013,PL/SC,BBLH,,U,S,30,,V,,,,,,
1243,6,19,2013,PL/SC,BBLH,,M,V,10,NW,F1,,,,,,
1244,6,19,2013,PL/SC,BBLH,,M,V,10,NW,P,10,Middle,SALIX,Shade,,
1245,6,19,2013,PL/SC,BBLH,,M,V,10,NW,F1,,,,,,
1247,6,19,2013,PL/SC,BBLH,,M,V,8,,P,3,Upper,MESQUITE,,,JUVENILE
1248,6,19,2013,PL/SC,BBLH,,M,V,8,,F1,,,,,,JUVENILE
1249,6,19,2013,PL/SC,BBLH,,M,V,8,,P,4,Upper,CELTIS,,,JUVENILE
1250,6,19,2013,PL/SC,BBLH,,M,V,8,,F1,,,,,,JUVENILE
1251,6,19,2013,PL/SC,BBLH,,M,V,8,,P,3,Upper,CELTIS,,,JUVENILE
1252,6,19,2013,PL/SC,BBLH,,M,V,8,,F1,,,,,,JUVENILE
1253,6,19,2013,PL/SC,BBLH,,M,V,8,,P,4,Upper,MESQUITE,,,JUVENILE
1254,6,19,2013,PL/SC,BBLH,,F,V,6,W,F1,,,,,,MOTHER
1255,6,19,2013,PL/SC,BBLH,,F,V,6,W,P,4,Upper,MESQUITE,,,MOTHER
1256,6,19,2013,PL/SC,BBLH,,F,V,6,W,MF,,,,,,"""MOTHER, FEEDING"""
1257,6,19,2013,PL/SC,BBLH,,F,V,6,W,F1,,,,,,MOTHER
1258,6,19,2013,PL/SC,BBLH,,M,V,10,N,F1,,,,,,ADULT
1259,6,19,2013,PL/SC,BBLH,,M,V,10,N,P,6,Upper,,,,ADULT
1260,6,19,2013,PL/SC,BBLH,,M,V,10,N,F1,,,,,,ADULT
1266,6,19,2013,PL/SC,BBLH,,M,V,5,,H,5,,,,,
1267,6,19,2013,PL/SC,BBLH,,M,V,5,,F1,5,,,,,
1268,6,19,2013,PL/SC,BBLH,,M,V,5,,P,5,Upper,MESQUITE,Shade,,
1269,6,19,2013,PL/SC,BBLH,,M,V,5,,F1,5,,,,,
1270,6,19,2013,PL/SC,BBLH,,M,V,5,,H,6,,,,,
1271,6,19,2013,PL/SC,BBLH,,M,V,5,,F1,5,,,,,
1272,6,19,2013,PL/SC,BBLH,,M,V,5,,P,6,Upper,MESQUITE,Shade,,
1273,6,19,2013,PL/SC,BBLH,,U,V,16.5,S,H,5,,,,,JUVENILE
1274,6,19,2013,PL/SC,BBLH,,U,V,16.5,S,F1,3,,,,,JUVENILE
1275,6,19,2013,PL/SC,BBLH,,U,V,16.5,S,P,3.5,Lower,,,,JUVENILE
1276,6,19,2013,PL/SC,BBLH,,U,V,16.5,S,F1,3,,,,,JUVENILE
1277,6,19,2013,PL/SC,BBLH,,U,V,16.5,S,P,3.5,Lower,,,,JUVENILE
1710,7,3,2013,PL/SC,BBLH,,M,V,3,E,F1,,,,,,
1711,7,3,2013,PL/SC,BBLH,,M,V,3,E,H,3,,,,,
1712,7,3,2013,PL/SC,BBLH,,M,V,3,E,F1,,,,,,
1713,7,3,2013,PL/SC,BBLH,,F,V,5,W,F1,,,,,,
1714,7,3,2013,PL/SC,BBLH,,F,V,5,W,H,1.799999952,,,,,
1715,7,3,2013,PL/SC,BBLH,,F,V,5,W,F1,,,,,,
1716,7,3,2013,PL/SC,BBLH,,F,V,5,W,P,2,Top,MESQUITE,Shade,,
1717,7,3,2013,PL/SC,BBLH,,F,V,5,W,F1,,,,,,
1718,7,3,2013,PL/SC,BBLH,,F,V,5,W,H,1.799999952,,,,,
1719,7,3,2013,PL/SC,BBLH,,F,V,5,W,F1,,,,,,
1720,7,3,2013,PL/SC,BBLH,,U,V,10,N,F1,6,,,,,
1721,7,3,2013,PL/SC,BBLH,,U,S,15,S,V,,,,,,
1722,7,3,2013,PL/SC,BBLH,,U,C,26,NW,FO,,,,,,CAME FROM FEEDERS
1723,7,3,2013,PL/SC,BBLH,,F,V,20,E,F1,,,,,,
1724,7,3,2013,PL/SC,BBLH,,F,V,20,E,H,1.5,,,Sun,,
1725,7,3,2013,PL/SC,BBLH,,F,V,20,E,F1,,,,,,
1758,7,1,2013,PL/SC,BBLH,1,F,V,6,,F1,,,,,,
1759,7,1,2013,PL/SC,BBLH,1,F,V,6,,P,1,Lower,JUNIPER,,,WITH A BAND
1760,7,1,2013,PL/SC,BBLH,2,M,V,6,W,H,,,,,,JUVENILE
1761,7,1,2013,PL/SC,BBLH,2,M,V,6,W,P,3,Middle,JUNIPER,,,JUVENILE
1762,7,1,2013,PL/SC,BBLH,2,M,V,6,W,F1,,,,,,JUVENILE
1764,7,1,2013,PL/SC,BBLH,,U,V,8,,FO,,,,,,
1765,7,3,2013,PL/SC,BBLH,,U,V,17,W,FO,,,,,,
1766,7,3,2013,PL/SC,BBLH,,M,V,,,HG,4.300000191,Middle,CELTIS,Shade,,JUVENILE
1767,7,3,2013,PL/SC,BBLH,,M,V,2,W,H,1.600000024,,,,,
1768,7,3,2013,PL/SC,BBLH,,M,V,2,W,F1,,,,,,
1769,7,3,2013,PL/SC,BBLH,,M,V,8,,F1,,,,,,
1770,7,3,2013,PL/SC,BBLH,,M,V,8,,P,10,Upper,ASH,,,
1771,7,3,2013,PL/SC,BBLH,,U,V,,S,FO,,,,,,
1773,7,3,2013,PL/SC,BBLH,,M,V,17,W,F1,,,,,,
1774,7,3,2013,PL/SC,BBLH,,M,V,17,W,P,18,Upper,COTTONWOOD,Shade,,
1775,7,3,2013,PL/SC,BBLH,,M,V,17,W,F1,,,,,,
1776,7,3,2013,PL/SC,BBLH,1,M,V,34,E,AG,,,,,,
1777,7,3,2013,PL/SC,BBLH,2,M,V,34,E,CD,,,,,,
1778,7,3,2013,PL/SC,BBLH,,F,V,4,SW,P,5,Middle,SALIX,Shade,,
1779,7,3,2013,PL/SC,BBLH,,F,V,4,SW,F1,,,,,,
1780,7,3,2013,PL/SC,BBLH,,F,V,4,SW,P,4,Middle,COTTONWOOD,Shade,,
1781,7,3,2013,PL/SC,BBLH,,F,V,4,SW,F1,,,,,,
1785,7,3,2013,PL/SC,BBLH,,U,,17,SE,FO,,,,,,
1787,7,3,2013,PL/SC,BBLH,,M,,,E,FO,,,,,,
1788,7,3,2013,PL/SC,BBLH,,F,V,4,NE,F1,10,,,Sun,,
1789,7,3,2013,PL/SC,BBLH,,F,V,4,NE,CM,10,Upper,SALIX,,,
1790,7,3,2013,PL/SC,BBLH,,F,V,4,NE,F1,,,,,,
1795,7,3,2013,PL/SC,BBLH,,M,V,8,,F1,,,MESQUITE,,,
1798,7,3,2013,PL/SC,BBLH,2,M,V,8,E,F1,3,Middle,MESQUITE,Shade,,
1799,7,3,2013,PL/SC,BBLH,2,F,V,11.5,W,P,4,Middle,CELTIS,Sun,,
1800,7,3,2013,PL/SC,BBLH,2,F,V,11.5,W,F1,,,,,,
1815,7,1,2013,PL/SC,BBLH,,F,V,4,NW,F1,,,,,,
1816,7,1,2013,PL/SC,BBLH,,F,V,4,NW,FN,1,Top,WHITE NICOTIANA,,5,NOT ENOUGH FLOWERS TO TAKE THE NECTAR.
1824,7,1,2013,PL/SC,BBLH,,F,V,5,N,F1,,,,,,
1825,7,1,2013,PL/SC,BBLH,,F,V,5,N,P,2,Middle,ASH,Shade,,
1826,7,1,2013,PL/SC,BBLH,,F,V,5,N,CM,2,Middle,ASH,Shade,,
1827,7,1,2013,PL/SC,BBLH,,F,V,5,N,F1,,,,,,
1828,7,1,2013,PL/SC,BBLH,,F,V,8,SE,FN,1.5,Upper,NICOTIANA GLAUCA,Sun,2,
1829,7,1,2013,PL/SC,BBLH,,F,V,8,SE,F1,,,,,,
1830,7,1,2013,PL/SC,BBLH,,M,V,6,W,F1,,,,,,
1831,7,1,2013,PL/SC,BBLH,,M,V,6,W,P,4,Middle,GRAYTHORN,Shade,,
1832,7,1,2013,PL/SC,BBLH,,M,V,6,W,F1,,,,,,
1833,7,1,2013,PL/SC,BBLH,1,F,,10,E,FN,,Top,WHITE NICOTIANA,Sun,6,
1834,7,1,2013,PL/SC,BBLH,1,F,,10,E,F1,,,,,,
1835,7,1,2013,PL/SC,BBLH,2,F,,15,NE,F1,,,,,,
1836,7,1,2013,PL/SC,BBLH,2,F,,15,NE,P,,,MESQUITE,Sun,,
1840,7,1,2013,PL/SC,BBLH,,M,,2.5,,P,3,Top,SALIX,Shade,,GROOMING
1841,7,1,2013,PL/SC,BBLH,,F,V,,,P,,Middle,SALIX,Shade,,
1842,7,1,2013,PL/SC,BBLH,,F,V,,,F1,,,,,,
1843,7,1,2013,PL/SC,BBLH,,F,V,,,P,,,,,,
1844,7,1,2013,PL/SC,BBLH,,F,V,,,FN,,Top,NICOTIANA GLAUCA,Sun,40,
1846,7,1,2013,PL/SC,BBLH,1,M,V,7,NW,F1,,,,,,
1847,7,1,2013,PL/SC,BBLH,1,M,V,7,NW,CD,,,,,,
1848,7,1,2013,PL/SC,BBLH,1,M,V,7,NW,F1,,,,,,
1849,7,1,2013,PL/SC,BBLH,2,M,V,7,NW,AG,,,,,,
1850,7,1,2013,PL/SC,BBLH,2,M,V,7,NW,P,2,Top,MESQUITE,Sun,,
1851,7,1,2013,PL/SC,BBLH,2,M,V,7,NW,F1,,,,,,
1853,7,1,2013,PL/SC,BBLH,1,M,V,10,NW,H,,,,,,
1854,7,1,2013,PL/SC,BBLH,1,M,V,10,NW,P,2,Lower,MESQUITE,Sun,,
1855,7,1,2013,PL/SC,BBLH,2,F,V,6,,P,2,Lower,MESQUITE,Shade,,
1856,7,1,2013,PL/SC,BBLH,2,F,V,6,,H,,,,,,
1857,7,1,2013,PL/SC,BBLH,2,F,V,6,,MF,,,,,,FEEDING JUVENILE
1858,7,1,2013,PL/SC,BBLH,2,F,V,6,,P,,,,,,
1859,7,1,2013,PL/SC,BBLH,3,M,V,6,,H,,,,,,JUVENILE
1860,7,1,2013,PL/SC,BBLH,3,M,V,6,,P,4,Lower,MESQUITE,Shade,,JUVENILE
1861,7,1,2013,PL/SC,BBLH,3,M,V,6,,JE,,,,,,"""JUVENILE, EATING FROM MOTHER"""
1862,7,1,2013,PL/SC,BBLH,4,U,V,6,,H,,,,,,JUVENILE
1863,7,1,2013,PL/SC,BBLH,4,U,V,6,,P,4,Lower,MESQUITE,Shade,,JUVENILE
1864,7,1,2013,PL/SC,BBLH,4,U,V,6,,H,,,,,,JUVENILE
1868,7,1,2013,PL/SC,BBLH,,M,V,7,SE,F1,,,,,,
1869,7,1,2013,PL/SC,BBLH,,M,V,7,SE,P,9,Top,CELTIS,Sun,,
1870,7,1,2013,PL/SC,BBLH,,M,V,7,SE,F1,,,,,,
1876,7,1,2013,PL/SC,BBLH,,M,V,5,NW,P,9,Upper,COTTONWOOD,Sun,,
1877,7,1,2013,PL/SC,BBLH,,M,V,5,NW,V,,,,,,
1878,7,1,2013,PL/SC,BBLH,,M,V,5,NW,F1,,,,,,
1881,7,1,2013,PL/SC,BBLH,1,M,V,7,,P,4,Middle,CELTIS,Shade,,JUVENILE
1882,7,1,2013,PL/SC,BBLH,1,M,V,7,,JE,4,Middle,CELTIS,Shade,,"""JUVENILE, EATING FROM MOTHER"""
1883,7,1,2013,PL/SC,BBLH,1,M,V,7,,F1,,,,,,JUVENILE
1884,7,1,2013,PL/SC,BBLH,2,F,V,7,SW,P,5,Middle,CELTIS,,,
1885,7,1,2013,PL/SC,BBLH,2,F,V,7,SW,F1,,,,,,
1886,7,1,2013,PL/SC,BBLH,2,F,V,7,SW,MF,4,Middle,CELTIS,,,FEEDING JUVENILE
1887,7,1,2013,PL/SC,BBLH,2,F,V,7,SW,CD,,,,,,
1888,7,1,2013,PL/SC,BBLH,3,U,V,7,W,F1,,,,,,JUVENILE
1889,7,1,2013,PL/SC,BBLH,3,U,V,7,W,P,4,Middle,CELTIS,,,JUVENILE
1890,7,1,2013,PL/SC,BBLH,3,U,V,7,W,F1,,,,,,JUVENILE
1891,7,1,2013,PL/SC,BBLH,,F,V,6,SW,H,,,,,,
1892,7,1,2013,PL/SC,BBLH,,F,V,6,SW,P,2,Middle,CELTIS,Shade,,
1893,7,1,2013,PL/SC,BBLH,,F,V,6,SW,F1,,,,,,
1894,7,1,2013,PL/SC,BBLH,1,F,V,7,,H,,,,,,
1895,7,1,2013,PL/SC,BBLH,1,F,V,7,,P,5,Upper,CELTIS,Shade,,
1896,7,1,2013,PL/SC,BBLH,1,F,V,7,,F1,,,,,,
1897,7,1,2013,PL/SC,BBLH,1,F,V,7,,H,6,Upper,MESQUITE,Shade,,
1898,7,1,2013,PL/SC,BBLH,1,F,V,7,,AG,,,,,,
1899,7,1,2013,PL/SC,BBLH,1,F,V,7,,P,5,Upper,CELTIS,Shade,,
1900,7,1,2013,PL/SC,BBLH,2,M,V,7,,P,2.5,Middle,CELTIS,Shade,,JUVENILE
1901,7,1,2013,PL/SC,BBLH,2,M,V,7,,H,,,,,,JUVENILE
1902,7,1,2013,PL/SC,BBLH,2,M,V,7,,P,2.5,Middle,CELTIS,Shade,,JUVENILE
1903,7,1,2013,PL/SC,BBLH,2,M,V,7,,F1,,,,,,
2500,7,15,2013,PL/SC,BBLH,,U,S,15,,V,,,,,,
2518,7,15,2013,PL/SC,BBLH,,U,V,15,E,H,,,,,,
2519,7,15,2013,PL/SC,BBLH,,U,V,15,E,P,8,Upper,MESQUITE,Shade,,
2520,7,15,2013,PL/SC,BBLH,,U,V,15,E,F1,,,,,,
2521,7,15,2013,PL/SC,BBLH,,U,V,15,E,P,6,Top,MESQUITE,Shade,,
2522,7,15,2013,PL/SC,BBLH,,U,V,15,E,F1,,,,,,
2523,7,15,2013,PL/SC,BBLH,,U,V,15,E,P,5,Upper,MESQUITE,Shade,,
2524,7,15,2013,PL/SC,BBLH,,U,V,15,E,F1,,,,,,
2525,7,15,2013,PL/SC,BBLH,,M,V,15,E,H,,,,,,JUVENILE.
2526,7,15,2013,PL/SC,BBLH,,M,V,15,E,P,5,Upper,UNKNOWN,,,JUVENILE. PERCHED IN A DEAD TREE.
2527,7,15,2013,PL/SC,BBLH,,M,V,15,E,F1,,,,,,JUVENILE.
2528,7,15,2013,PL/SC,BBLH,,M,V,15,E,P,2.5,Top,SEEP WILLOW,,,JUVENILE.
2529,7,15,2013,PL/SC,BBLH,,M,V,15,E,F1,,,,,,JUVENILE.
2530,7,15,2013,PL/SC,BBLH,,M,V,15,E,P,3,Top,UNKNOWN,,,JUVENILE. PERCHED IN A DEAD TREE.
2531,7,15,2013,PL/SC,BBLH,,M,V,15,E,F1,,,,,,JUVENILE.
2532,7,15,2013,PL/SC,BBLH,,M,V,14.5,W,P,3,Top,MESQUITE,Sun,,
2533,7,15,2013,PL/SC,BBLH,,M,V,14.5,W,F1,,,,,,
2534,7,15,2013,PL/SC,BBLH,,M,V,14.5,W,P,3,Top,MESQUITE,Sun,,
2535,7,15,2013,PL/SC,BBLH,,M,V,14.5,W,F1,,,,,,
2536,7,15,2013,PL/SC,BBLH,,M,V,14.5,W,P,4,Top,MESQUITE,Sun,,
2537,7,15,2013,PL/SC,BBLH,,M,V,14.5,W,F1,,,,,,
2538,7,15,2013,PL/SC,BBLH,,M,V,20,W,FO,,,,,,
2539,7,15,2013,PL/SC,BBLH,1,M,V,10,W,FO,,,,,,
2540,7,15,2013,PL/SC,BBLH,2,U,S,20,,V,,,,,,
2541,7,15,2013,PL/SC,BBLH,1,M,V,13.5,N,AG,,,,,,AG AGAINST A BBLH MALE
2542,7,15,2013,PL/SC,BBLH,1,M,V,13.5,N,P,6,Upper,SALIX,Shade,,
2543,7,15,2013,PL/SC,BBLH,1,M,V,13.5,N,AG,,,,,,
2544,7,15,2013,PL/SC,BBLH,1,M,V,13.5,N,F1,,,,,,
2545,7,15,2013,PL/SC,BBLH,2,M,V,14,N,CD,,,,,,CD BY A BBLH MALE.
2546,7,15,2013,PL/SC,BBLH,2,M,V,14,N,P,5,Middle,ASH,Shade,,
2547,7,15,2013,PL/SC,BBLH,2,M,V,14,N,F1,,,,,,
2549,7,15,2013,PL/SC,BBLH,,F,V,20,SW,F1,,,,,,
2550,7,15,2013,PL/SC,BBLH,,F,V,20,SW,P,10,,,,,
2551,7,15,2013,PL/SC,BBLH,,F,V,20,SW,F1,,,,,,
2555,7,15,2013,PL/SC,BBLH,,M,V,6,N,F1,,,,,,
2556,7,15,2013,PL/SC,BBLH,,M,V,6,N,P,10,,COTTONWOOD,,,PERCHED IN A DRY COTTONWOOD.
2557,7,15,2013,PL/SC,BBLH,,M,V,6,N,F1,,,,,,
2562,7,15,2013,PL/SC,BBLH,2,U,V,10,W,FO,,,,,,
2563,7,15,2013,PL/SC,BBLH,,M,C,15,S,V,,,,,,
2564,7,15,2013,PL/SC,BBLH,1,M,V,11,N,AG,3,,,Sun,,
2565,7,15,2013,PL/SC,BBLH,2,M,V,11,N,CD,3,,,Sun,,
2566,7,15,2013,PL/SC,BBLH,,F,V,8,E,FO,,,,Sun,,
2567,7,15,2013,PL/SC,BBLH,1,M,V,17,SW,AG,,,,Sun,,
2568,7,15,2013,PL/SC,BBLH,2,M,V,17,SW,CD,,,,Sun,,
2573,7,15,2013,PL/SC,BBLH,,M,V,10,S,H,1.5,,,,,JUVENILE.
2574,7,15,2013,PL/SC,BBLH,,M,V,10,S,HG,1,Upper,FORBS,Shade,,JUVENILE.
2575,7,15,2013,PL/SC,BBLH,,M,V,10,S,F1,,,,,,JUVENILE.
2576,7,15,2013,PL/SC,BBLH,,M,V,10,S,HG,2.5,Upper,MESQUITE,Shade,,JUVENILE.
2577,7,15,2013,PL/SC,BBLH,,M,V,10,S,F1,,,,,,JUVENILE.
2578,7,15,2013,PL/SC,BBLH,,U,V,15,E,FO,,,,,,
2579,7,16,2013,PL/SC,BBLH,,U,S,14,S,FO,,,,,,
2580,7,16,2013,PL/SC,BBLH,,U,S,10,E,V,,,,,,
2581,7,16,2013,PL/SC,BBLH,,M,V,25,E,P,3,Upper,JUNIPER,Shade,,
2582,7,16,2013,PL/SC,BBLH,,M,V,25,E,F1,,,,,,
2584,7,16,2013,PL/SC,BBLH,,U,S,11,SE,FO,,,,,,
2587,7,16,2013,PL/SC,BBLH,,M,V,9,S,FN,3.5,Top,OCOTILLO,Sun,8,
2588,7,16,2013,PL/SC,BBLH,,M,V,9,S,F1,,,,,,
2589,7,16,2013,PL/SC,BBLH,,F,V,4,W,FO,2,,,Shade,,CLOUDY.
2590,7,16,2013,PL/SC,BBLH,,M,V,6,NE,FO,4,,,,,
2613,7,16,2013,PL/SC,BBLH,,F,V,6,N,HH,6,,,,,OVER WATER.
2614,7,16,2013,PL/SC,BBLH,,F,V,6,N,F1,,,,,,
2615,7,16,2013,PL/SC,BBLH,,U,V,10,NE,F1,,,,,,JUVENILE.
2616,7,16,2013,PL/SC,BBLH,,U,V,10,NE,H,1.299999952,Upper,SEEP WILLOW,Sun,,"""JUVENILE. TRIED TO FORAGE ON A DRY, ORANGE SEEP WILLOW LEAF."""
2617,7,16,2013,PL/SC,BBLH,,U,V,10,NE,F1,,,,,,JUVENILE.
2618,7,16,2013,PL/SC,BBLH,,U,V,10,NE,P,4,Middle,UNKNOWN,,,JUVENILE. PERCHED IN DRY TREE.
2619,7,16,2013,PL/SC,BBLH,,U,V,10,NE,F1,,,,,,JUVENILE.
2620,7,16,2013,PL/SC,BBLH,,F,V,6,E,SG,7,Upper,UNKNOWN,,,IN A DRY TREE.
2621,7,16,2013,PL/SC,BBLH,,F,V,6,E,F1,,,,,,
2622,7,16,2013,PL/SC,BBLH,,F,V,6,E,P,6,Upper,CELTIS,Shade,,
2623,7,16,2013,PL/SC,BBLH,,F,V,6,E,F1,,,,,,
2624,7,16,2013,PL/SC,BBLH,1,M,V,6,S,F1,,,,,,
2625,7,16,2013,PL/SC,BBLH,1,M,V,6,S,P,4,Middle,UNKNOWN,,,DRY TREE.
2626,7,16,2013,PL/SC,BBLH,1,M,V,6,S,HH,4,,,,,OVER GRASS.
2627,7,16,2013,PL/SC,BBLH,1,M,V,6,S,CD,,,,,,F1
2628,7,16,2013,PL/SC,BBLH,2,M,V,6,E,AG,,,,,,
2629,7,16,2013,PL/SC,BBLH,2,M,V,6,E,F1,,,,,,
2636,7,16,2013,PL/SC,BBLH,,U,C,15,N,FO,,,,,,FLYING AWAY FROM FEEDERS.
2637,7,16,2013,PL/SC,BBLH,,U,C,10,N,FO,,,,,,FLYING AWAY FROM FEEDERS.
